{"cameraMode":{"drawMode":0,"name":"Shaded","section":"Shading Mode"},"sceneLighting":true,"audioPlay":false,"sceneViewState":{"showFog":true,"showMaterialUpdate":false,"showSkybox":true,"showFlares":true,"showImageEffects":true,"showParticleSystems":true},"in2DMode":false,"pivot":{"x":-1.7173402309417725,"y":7.497170448303223,"z":-42.65446853637695},"rotation":{"x":-0.16899673640727998,"y":0.007684902288019657,"z":-0.0012791578192263842,"w":-0.9856234192848206},"size":33.88923263549805,"orthographic":false}