{"cameraMode":{"drawMode":0,"name":"Shaded","section":"Shading Mode"},"sceneLighting":true,"audioPlay":false,"sceneViewState":{"showFog":true,"showMaterialUpdate":false,"showSkybox":true,"showFlares":true,"showImageEffects":true,"showParticleSystems":true},"in2DMode":false,"pivot":{"x":-0.8694508075714111,"y":5.695123672485352,"z":-29.554241180419923},"rotation":{"x":0.2102198600769043,"y":0.01201994065195322,"z":-0.0026298651937395336,"w":0.9776087999343872},"size":101.36493682861328,"orthographic":false}